[isogeny,scope.glitch.width,scope.glitch.offset,scope.glitch.repeat,scope.glitch.ext_offset,good/bad/crash]
1,-8.984375,-38.28125,3,33949,crash
1,-8.984375,-38.28125,3,38111,good
1,-8.984375,-38.28125,3,89819,good
1,-8.984375,-38.28125,3,89664,good
1,-8.984375,-38.28125,3,24344,good
1,-8.984375,-38.28125,3,85461,good
1,-8.984375,-38.28125,3,30220,crash
1,-8.984375,-38.28125,3,87319,good
1,-8.984375,-38.28125,3,19289,good
1,-8.984375,-38.28125,3,29513,crash
1,-8.984375,-38.28125,3,84012,bad
1,-8.984375,-38.28125,3,24560,crash
1,-8.984375,-38.28125,3,17068,crash
1,-8.984375,-38.28125,3,9284,good
1,-8.984375,-38.28125,3,69641,bad
1,-8.984375,-38.28125,3,28038,crash
1,-8.984375,-38.28125,3,38622,good
1,-8.984375,-38.28125,3,3929,good
1,-8.984375,-38.28125,3,56569,bad
1,-8.984375,-38.28125,3,16554,good
1,-8.984375,-38.28125,3,89675,good
1,-8.984375,-38.28125,3,79745,good
1,-8.984375,-38.28125,3,1892,bad
1,-8.984375,-38.28125,3,36155,good
1,-8.984375,-38.28125,3,19230,good
1,-8.984375,-38.28125,3,11135,crash
1,-8.984375,-38.28125,3,34400,good
1,-8.984375,-38.28125,3,59123,bad
1,-8.984375,-38.28125,3,57248,bad
1,-8.984375,-38.28125,3,18286,crash
1,-8.984375,-38.28125,3,33648,good
1,-8.984375,-38.28125,3,46628,bad
1,-8.984375,-38.28125,3,30675,good
1,-8.984375,-38.28125,3,63804,good
1,-8.984375,-38.28125,3,72051,good
1,-8.984375,-38.28125,3,73943,bad
1,-8.984375,-38.28125,3,56306,crash
1,-8.984375,-38.28125,3,87914,good
1,-8.984375,-38.28125,3,47737,good
1,-8.984375,-38.28125,3,56338,bad
1,-8.984375,-38.28125,3,83709,good
1,-8.984375,-38.28125,3,41126,good
1,-8.984375,-38.28125,3,85886,good
1,-8.984375,-38.28125,3,15383,crash
1,-8.984375,-38.28125,3,45349,good
1,-8.984375,-38.28125,3,77946,good
1,-8.984375,-38.28125,3,83072,good
1,-8.984375,-38.28125,3,34458,crash
1,-8.984375,-38.28125,3,58770,crash
1,-8.984375,-38.28125,3,72644,bad
1,-8.984375,-38.28125,3,80110,good
1,-8.984375,-38.28125,3,17676,good
1,-8.984375,-38.28125,3,57722,bad
1,-8.984375,-38.28125,3,88713,good
1,-8.984375,-38.28125,3,58118,good
1,-8.984375,-38.28125,3,70252,bad
1,-8.984375,-38.28125,3,23152,good
1,-8.984375,-38.28125,3,38445,good
1,-8.984375,-38.28125,3,26559,crash
1,-8.984375,-38.28125,3,23516,crash
1,-8.984375,-38.28125,3,68511,good
1,-8.984375,-38.28125,3,46695,bad
1,-8.984375,-38.28125,3,33203,good
1,-8.984375,-38.28125,3,48643,crash
1,-8.984375,-38.28125,3,60223,good
1,-8.984375,-38.28125,3,34310,crash
1,-8.984375,-38.28125,3,79364,good
1,-8.984375,-38.28125,3,36719,good
1,-8.984375,-38.28125,3,51873,bad
1,-8.984375,-38.28125,3,17142,good
1,-8.984375,-38.28125,3,75656,crash
1,-8.984375,-38.28125,3,64338,crash
1,-8.984375,-38.28125,3,72094,good
1,-8.984375,-38.28125,3,30861,good
1,-8.984375,-38.28125,3,74103,good
1,-8.984375,-38.28125,3,30891,good
1,-8.984375,-38.28125,3,25490,good
1,-8.984375,-38.28125,3,48031,crash
1,-8.984375,-38.28125,3,17184,good
1,-8.984375,-38.28125,3,9605,crash
1,-8.984375,-38.28125,3,56411,good
1,-8.984375,-38.28125,3,85359,good
1,-8.984375,-38.28125,3,82456,bad
1,-8.984375,-38.28125,3,60772,crash
1,-8.984375,-38.28125,3,51078,bad
1,-8.984375,-38.28125,3,286,good
1,-8.984375,-38.28125,3,55616,good
1,-8.984375,-38.28125,3,5664,crash
1,-8.984375,-38.28125,3,29479,good
1,-8.984375,-38.28125,3,18579,crash
1,-8.984375,-38.28125,3,65278,good
1,-8.984375,-38.28125,3,58343,bad
1,-8.984375,-38.28125,3,83763,crash
1,-8.984375,-38.28125,3,33253,crash
1,-8.984375,-38.28125,3,20940,crash
1,-8.984375,-38.28125,3,54198,good
1,-8.984375,-38.28125,3,32936,good
1,-8.984375,-38.28125,3,45953,good
1,-8.984375,-38.28125,3,26616,good
1,-8.984375,-38.28125,3,82641,good
1,-8.984375,-38.28125,3,49121,good
1,-8.984375,-38.28125,3,68204,bad
1,-8.984375,-38.28125,3,86096,good
1,-8.984375,-38.28125,3,17958,crash
1,-8.984375,-38.28125,3,79102,good
1,-8.984375,-38.28125,3,31151,crash
1,-8.984375,-38.28125,3,65057,crash
1,-8.984375,-38.28125,3,27750,good
1,-8.984375,-38.28125,3,80903,crash
1,-8.984375,-38.28125,3,5579,good
1,-8.984375,-38.28125,3,76137,crash
1,-8.984375,-38.28125,3,77494,crash
1,-8.984375,-38.28125,3,5066,good
1,-8.984375,-38.28125,3,47101,crash
1,-8.984375,-38.28125,3,76419,crash
1,-8.984375,-38.28125,3,74697,crash
1,-8.984375,-38.28125,3,44740,bad
1,-8.984375,-38.28125,3,23875,good
1,-8.984375,-38.28125,3,38709,good
1,-8.984375,-38.28125,3,25281,crash
1,-8.984375,-38.28125,3,21560,good
1,-8.984375,-38.28125,3,89658,bad
1,-8.984375,-38.28125,3,72784,bad
1,-8.984375,-38.28125,3,14715,good
1,-8.984375,-38.28125,3,29565,good
1,-8.984375,-38.28125,3,21933,good
1,-8.984375,-38.28125,3,9063,good
1,-8.984375,-38.28125,3,56249,good
1,-8.984375,-38.28125,3,84349,bad
1,-8.984375,-38.28125,3,78003,good
1,-8.984375,-38.28125,3,72897,good
1,-8.984375,-38.28125,3,71214,crash
1,-8.984375,-38.28125,3,5090,crash
1,-8.984375,-38.28125,3,57619,crash
1,-8.984375,-38.28125,3,44966,bad
1,-8.984375,-38.28125,3,84554,crash
1,-8.984375,-38.28125,3,12146,good
1,-8.984375,-38.28125,3,69021,good
1,-8.984375,-38.28125,3,390,good
1,-8.984375,-38.28125,3,16579,good
1,-8.984375,-38.28125,3,40710,good
1,-8.984375,-38.28125,3,15928,crash
1,-8.984375,-38.28125,3,53484,bad
1,-8.984375,-38.28125,3,39519,good
1,-8.984375,-38.28125,3,35252,crash
1,-8.984375,-38.28125,3,74062,good
1,-8.984375,-38.28125,3,78284,good
1,-8.984375,-38.28125,3,10149,good
1,-8.984375,-38.28125,3,61590,good
1,-8.984375,-38.28125,3,68423,good
1,-8.984375,-38.28125,3,48064,crash
1,-8.984375,-38.28125,3,4691,good
1,-8.984375,-38.28125,3,750,good
1,-8.984375,-38.28125,3,41902,crash
1,-8.984375,-38.28125,3,43877,good
1,-8.984375,-38.28125,3,20325,crash
1,-8.984375,-38.28125,3,65085,crash
1,-8.984375,-38.28125,3,73369,crash
1,-8.984375,-38.28125,3,69831,good
1,-8.984375,-38.28125,3,67724,bad
1,-8.984375,-38.28125,3,62158,good
1,-8.984375,-38.28125,3,29236,good
1,-8.984375,-38.28125,3,87753,crash
1,-8.984375,-38.28125,3,27162,good
1,-8.984375,-38.28125,3,38871,good
1,-8.984375,-38.28125,3,4161,good
1,-8.984375,-38.28125,3,49306,crash
1,-8.984375,-38.28125,3,65717,good
1,-8.984375,-38.28125,3,20589,crash
1,-8.984375,-38.28125,3,19185,crash
1,-8.984375,-38.28125,3,33858,good
1,-8.984375,-38.28125,3,55753,good
1,-8.984375,-38.28125,3,89660,bad
1,-8.984375,-38.28125,3,28203,crash
1,-8.984375,-38.28125,3,33889,crash
1,-8.984375,-38.28125,3,55687,bad
1,-8.984375,-38.28125,3,77072,crash
1,-8.984375,-38.28125,3,30903,good
1,-8.984375,-38.28125,3,46605,good
1,-8.984375,-38.28125,3,32016,crash
1,-8.984375,-38.28125,3,77607,good
1,-8.984375,-38.28125,3,37665,crash
1,-8.984375,-38.28125,3,56085,bad
1,-8.984375,-38.28125,3,26719,crash
1,-8.984375,-38.28125,3,83979,bad
1,-8.984375,-38.28125,3,45983,good
1,-8.984375,-38.28125,3,55761,crash
1,-8.984375,-38.28125,3,4995,good
1,-8.984375,-38.28125,3,41542,bad
1,-8.984375,-38.28125,3,52119,bad
1,-8.984375,-38.28125,3,60382,bad
1,-8.984375,-38.28125,3,11372,good
1,-8.984375,-38.28125,3,8989,good
1,-8.984375,-38.28125,3,5978,good
1,-8.984375,-38.28125,3,78619,good
1,-8.984375,-38.28125,3,537,crash
1,-8.984375,-38.28125,3,85635,crash
1,-8.984375,-38.28125,3,40158,crash
1,-8.984375,-38.28125,3,24960,good
1,-8.984375,-38.28125,3,58918,crash
1,-8.984375,-38.28125,3,63011,bad
1,-8.984375,-38.28125,3,72697,bad
1,-8.984375,-38.28125,3,51077,good
1,-8.984375,-38.28125,3,43630,crash
1,-8.984375,-38.28125,3,8035,good
1,-8.984375,-38.28125,3,37937,good
1,-8.984375,-38.28125,3,69214,good
1,-8.984375,-38.28125,3,57012,good
1,-8.984375,-38.28125,3,17956,good
1,-8.984375,-38.28125,3,19447,good
1,-8.984375,-38.28125,3,6895,good
1,-8.984375,-38.28125,3,14672,good
1,-8.984375,-38.28125,3,48308,good
1,-8.984375,-38.28125,3,20482,good
1,-8.984375,-38.28125,3,28610,good
1,-8.984375,-38.28125,3,40365,good
1,-8.984375,-38.28125,3,39762,crash
1,-8.984375,-38.28125,3,79068,good
1,-8.984375,-38.28125,3,50901,bad
1,-8.984375,-38.28125,3,38133,good
1,-8.984375,-38.28125,3,4375,crash
1,-8.984375,-38.28125,3,45561,bad
1,-8.984375,-38.28125,3,16814,good
1,-8.984375,-38.28125,3,13063,good
1,-8.984375,-38.28125,3,47321,good
1,-8.984375,-38.28125,3,64344,bad
1,-8.984375,-38.28125,3,57917,crash
1,-8.984375,-38.28125,3,76709,good
1,-8.984375,-38.28125,3,76453,crash
1,-8.984375,-38.28125,3,56920,crash
1,-8.984375,-38.28125,3,5712,good
1,-8.984375,-38.28125,3,46012,good
1,-8.984375,-38.28125,3,70131,good
1,-8.984375,-38.28125,3,38730,crash
1,-8.984375,-38.28125,3,16955,good
1,-8.984375,-38.28125,3,6446,good
1,-8.984375,-38.28125,3,42299,good
1,-8.984375,-38.28125,3,21842,good
1,-8.984375,-38.28125,3,71488,good
1,-8.984375,-38.28125,3,16468,crash
1,-8.984375,-38.28125,3,648,good
1,-8.984375,-38.28125,3,32522,good
1,-8.984375,-38.28125,3,89337,bad
1,-8.984375,-38.28125,3,19628,good
1,-8.984375,-38.28125,3,11756,good
1,-8.984375,-38.28125,3,62774,bad
1,-8.984375,-38.28125,3,48714,bad
1,-8.984375,-38.28125,3,9224,good
1,-8.984375,-38.28125,3,45217,bad
1,-8.984375,-38.28125,3,34612,good
1,-8.984375,-38.28125,3,28018,good
1,-8.984375,-38.28125,3,6154,good
1,-8.984375,-38.28125,3,31170,good
1,-8.984375,-38.28125,3,87371,crash
1,-8.984375,-38.28125,3,31290,good
1,-8.984375,-38.28125,3,68144,good
1,-8.984375,-38.28125,3,57742,good
1,-8.984375,-38.28125,3,25566,good
1,-8.984375,-38.28125,3,75141,good
1,-8.984375,-38.28125,3,51523,bad
1,-8.984375,-38.28125,3,81344,good
1,-8.984375,-38.28125,3,7108,good
1,-8.984375,-38.28125,3,71711,bad
1,-8.984375,-38.28125,3,6809,good
1,-8.984375,-38.28125,3,15122,good
1,-8.984375,-38.28125,3,80390,bad
1,-8.984375,-38.28125,3,17979,crash
1,-8.984375,-38.28125,3,69973,bad
1,-8.984375,-38.28125,3,48595,crash
1,-8.984375,-38.28125,3,69940,good
1,-8.984375,-38.28125,3,51977,bad
1,-8.984375,-38.28125,3,39258,good
1,-8.984375,-38.28125,3,19531,good
1,-8.984375,-38.28125,3,71497,good
1,-8.984375,-38.28125,3,39041,crash
1,-8.984375,-38.28125,3,34180,crash
1,-8.984375,-38.28125,3,11389,crash
1,-8.984375,-38.28125,3,48848,crash
1,-8.984375,-38.28125,3,6827,good
1,-8.984375,-38.28125,3,3986,crash
1,-8.984375,-38.28125,3,21894,good
1,-8.984375,-38.28125,3,2043,good
1,-8.984375,-38.28125,3,14045,good
1,-8.984375,-38.28125,3,68697,crash
1,-8.984375,-38.28125,3,35558,good
1,-8.984375,-38.28125,3,11919,crash
1,-8.984375,-38.28125,3,43732,good
1,-8.984375,-38.28125,3,82233,crash
1,-8.984375,-38.28125,3,55621,crash
1,-8.984375,-38.28125,3,21043,crash
1,-8.984375,-38.28125,3,81545,crash
1,-8.984375,-38.28125,3,88378,crash
1,-8.984375,-38.28125,3,38068,good
1,-8.984375,-38.28125,3,5347,crash
1,-8.984375,-38.28125,3,14342,good
1,-8.984375,-38.28125,3,12409,good
1,-8.984375,-38.28125,3,40431,good
1,-8.984375,-38.28125,3,53184,bad
1,-8.984375,-38.28125,3,50816,crash
1,-8.984375,-38.28125,3,61765,crash
1,-8.984375,-38.28125,3,51131,crash
1,-8.984375,-38.28125,3,35096,good
1,-8.984375,-38.28125,3,19773,crash
1,-8.984375,-38.28125,3,19595,good
1,-8.984375,-38.28125,3,59007,good
1,-8.984375,-38.28125,3,39443,crash
1,-8.984375,-38.28125,3,482,good
1,-8.984375,-38.28125,3,68988,bad
1,-8.984375,-38.28125,3,3836,crash
1,-8.984375,-38.28125,3,69758,good
1,-8.984375,-38.28125,3,33951,crash
1,-8.984375,-38.28125,3,36210,good
1,-8.984375,-38.28125,3,43510,bad
1,-8.984375,-38.28125,3,29671,crash
1,-8.984375,-38.28125,3,32415,good
1,-8.984375,-38.28125,3,49150,crash
1,-8.984375,-38.28125,3,54545,bad
1,-8.984375,-38.28125,3,20524,good
1,-8.984375,-38.28125,3,63446,good
1,-8.984375,-38.28125,3,53633,crash
1,-8.984375,-38.28125,3,34270,good
1,-8.984375,-38.28125,3,20326,good
1,-8.984375,-38.28125,3,60434,crash
1,-8.984375,-38.28125,3,75787,crash
1,-8.984375,-38.28125,3,70345,good
1,-8.984375,-38.28125,3,60708,crash
1,-8.984375,-38.28125,3,25416,crash
1,-8.984375,-38.28125,3,49227,good
1,-8.984375,-38.28125,3,62404,crash
1,-8.984375,-38.28125,3,24998,good
1,-8.984375,-38.28125,3,3809,good
1,-8.984375,-38.28125,3,75096,bad
1,-8.984375,-38.28125,3,4482,good
1,-8.984375,-38.28125,3,63169,bad
1,-8.984375,-38.28125,3,65640,bad
1,-8.984375,-38.28125,3,23425,good
1,-8.984375,-38.28125,3,16421,good
1,-8.984375,-38.28125,3,13485,good
1,-8.984375,-38.28125,3,722,good
1,-8.984375,-38.28125,3,77185,good
1,-8.984375,-38.28125,3,17423,crash
1,-8.984375,-38.28125,3,40276,good
1,-8.984375,-38.28125,3,10574,good
1,-8.984375,-38.28125,3,65135,bad
1,-8.984375,-38.28125,3,74866,good
1,-8.984375,-38.28125,3,68340,bad
1,-8.984375,-38.28125,3,7262,good
1,-8.984375,-38.28125,3,28089,crash
1,-8.984375,-38.28125,3,85071,good
1,-8.984375,-38.28125,3,56157,good
1,-8.984375,-38.28125,3,3542,good
1,-8.984375,-38.28125,3,69683,bad
1,-8.984375,-38.28125,3,2888,good
1,-8.984375,-38.28125,3,89280,bad
1,-8.984375,-38.28125,3,18798,good
1,-8.984375,-38.28125,3,39080,good
1,-8.984375,-38.28125,3,81191,crash
1,-8.984375,-38.28125,3,20152,good
1,-8.984375,-38.28125,3,85242,good
1,-8.984375,-38.28125,3,7024,good
1,-8.984375,-38.28125,3,65626,bad
1,-8.984375,-38.28125,3,56094,crash
1,-8.984375,-38.28125,3,33740,crash
1,-8.984375,-38.28125,3,29586,good
1,-8.984375,-38.28125,3,63765,crash
1,-8.984375,-38.28125,3,2820,good
1,-8.984375,-38.28125,3,79698,good
1,-8.984375,-38.28125,3,12313,good
1,-8.984375,-38.28125,3,31939,good
1,-8.984375,-38.28125,3,41462,bad
1,-8.984375,-38.28125,3,69515,good
1,-8.984375,-38.28125,3,66061,bad
1,-8.984375,-38.28125,3,1258,crash
1,-8.984375,-38.28125,3,74884,bad
1,-8.984375,-38.28125,3,58903,good
1,-8.984375,-38.28125,3,44555,good
1,-8.984375,-38.28125,3,85584,bad
1,-8.984375,-38.28125,3,28894,good
1,-8.984375,-38.28125,3,79709,good
1,-8.984375,-38.28125,3,6662,good
1,-8.984375,-38.28125,3,68763,good
1,-8.984375,-38.28125,3,55993,good
1,-8.984375,-38.28125,3,30858,crash
1,-8.984375,-38.28125,3,66850,bad
1,-8.984375,-38.28125,3,1668,bad
1,-8.984375,-38.28125,3,13159,good
1,-8.984375,-38.28125,3,48364,bad
1,-8.984375,-38.28125,3,19447,good
1,-8.984375,-38.28125,3,61182,good
1,-8.984375,-38.28125,3,46199,good
1,-8.984375,-38.28125,3,17475,crash
1,-8.984375,-38.28125,3,89307,bad
1,-8.984375,-38.28125,3,45192,good
1,-8.984375,-38.28125,3,29702,crash
1,-8.984375,-38.28125,3,87450,good
1,-8.984375,-38.28125,3,37160,good
1,-8.984375,-38.28125,3,77426,good
1,-8.984375,-38.28125,3,12172,good
1,-8.984375,-38.28125,3,33712,good
1,-8.984375,-38.28125,3,17502,crash
1,-8.984375,-38.28125,3,16431,good
1,-8.984375,-38.28125,3,23387,good
1,-8.984375,-38.28125,3,78188,good
1,-8.984375,-38.28125,3,13696,good
1,-8.984375,-38.28125,3,7401,crash
1,-8.984375,-38.28125,3,71666,good
1,-8.984375,-38.28125,3,84109,crash
1,-8.984375,-38.28125,3,18574,good
1,-8.984375,-38.28125,3,79962,good
1,-8.984375,-38.28125,3,67051,crash
1,-8.984375,-38.28125,3,3415,good
1,-8.984375,-38.28125,3,60549,good
1,-8.984375,-38.28125,3,46702,bad
1,-8.984375,-38.28125,3,49953,bad
1,-8.984375,-38.28125,3,75768,bad
1,-8.984375,-38.28125,3,74850,good
1,-8.984375,-38.28125,3,65440,good
1,-8.984375,-38.28125,3,74961,good
1,-8.984375,-38.28125,3,67274,bad
1,-8.984375,-38.28125,3,54247,good
1,-8.984375,-38.28125,3,8835,good
1,-8.984375,-38.28125,3,58256,good
1,-8.984375,-38.28125,3,69110,crash
1,-8.984375,-38.28125,3,36763,good
1,-8.984375,-38.28125,3,44336,good
1,-8.984375,-38.28125,3,49750,good
1,-8.984375,-38.28125,3,88122,good
1,-8.984375,-38.28125,3,16330,good
1,-8.984375,-38.28125,3,26959,good
1,-8.984375,-38.28125,3,89606,good
1,-8.984375,-38.28125,3,42908,bad
1,-8.984375,-38.28125,3,49192,bad
1,-8.984375,-38.28125,3,76016,good
1,-8.984375,-38.28125,3,10188,good
1,-8.984375,-38.28125,3,62702,good
1,-8.984375,-38.28125,3,54303,good
1,-8.984375,-38.28125,3,39341,crash
1,-8.984375,-38.28125,3,3440,good
1,-8.984375,-38.28125,3,58684,bad
1,-8.984375,-38.28125,3,51058,good
1,-8.984375,-38.28125,3,53807,bad
1,-8.984375,-38.28125,3,63106,crash
1,-8.984375,-38.28125,3,73949,bad
1,-8.984375,-38.28125,3,7988,good
1,-8.984375,-38.28125,3,10476,crash
1,-8.984375,-38.28125,3,32824,good
1,-8.984375,-38.28125,3,28245,good
1,-8.984375,-38.28125,3,423,crash
1,-8.984375,-38.28125,3,19110,good
1,-8.984375,-38.28125,3,69781,good
1,-8.984375,-38.28125,3,42548,good
1,-8.984375,-38.28125,3,39309,good
1,-8.984375,-38.28125,3,69589,good
1,-8.984375,-38.28125,3,27230,good
1,-8.984375,-38.28125,3,56552,crash
1,-8.984375,-38.28125,3,73600,good
1,-8.984375,-38.28125,3,38614,good
1,-8.984375,-38.28125,3,1480,crash
1,-8.984375,-38.28125,3,26718,crash
1,-8.984375,-38.28125,3,82437,crash
1,-8.984375,-38.28125,3,11680,good
1,-8.984375,-38.28125,3,14795,good
1,-8.984375,-38.28125,3,85993,bad
1,-8.984375,-38.28125,3,16856,good
1,-8.984375,-38.28125,3,8771,good
1,-8.984375,-38.28125,3,72689,good
1,-8.984375,-38.28125,3,50679,good
1,-8.984375,-38.28125,3,82305,crash
1,-8.984375,-38.28125,3,27838,good
1,-8.984375,-38.28125,3,41077,crash
1,-8.984375,-38.28125,3,20855,good
1,-8.984375,-38.28125,3,2055,good
1,-8.984375,-38.28125,3,20972,good
1,-8.984375,-38.28125,3,24278,crash
1,-8.984375,-38.28125,3,6460,good
1,-8.984375,-38.28125,3,7284,good
1,-8.984375,-38.28125,3,30334,crash
1,-8.984375,-38.28125,3,57339,good
1,-8.984375,-38.28125,3,74115,bad
1,-8.984375,-38.28125,3,23356,good
1,-8.984375,-38.28125,3,86435,good
1,-8.984375,-38.28125,3,53664,good
1,-8.984375,-38.28125,3,10576,good
1,-8.984375,-38.28125,3,63821,crash
1,-8.984375,-38.28125,3,67275,good
1,-8.984375,-38.28125,3,20321,good
1,-8.984375,-38.28125,3,14593,good
1,-8.984375,-38.28125,3,7083,good
1,-8.984375,-38.28125,3,45702,good
1,-8.984375,-38.28125,3,81386,good
1,-8.984375,-38.28125,3,6792,good
1,-8.984375,-38.28125,3,68003,good
1,-8.984375,-38.28125,3,68286,bad
1,-8.984375,-38.28125,3,22838,crash
1,-8.984375,-38.28125,3,11997,good
1,-8.984375,-38.28125,3,55900,good
1,-8.984375,-38.28125,3,39958,good
1,-8.984375,-38.28125,3,55264,bad
1,-8.984375,-38.28125,3,38986,good
1,-8.984375,-38.28125,3,32074,good
1,-8.984375,-38.28125,3,34371,crash
1,-8.984375,-38.28125,3,36906,good
1,-8.984375,-38.28125,3,75885,crash
1,-8.984375,-38.28125,3,72612,good
1,-8.984375,-38.28125,3,54748,bad
1,-8.984375,-38.28125,3,37084,good
1,-8.984375,-38.28125,3,36724,good
1,-8.984375,-38.28125,3,27759,good
1,-8.984375,-38.28125,3,12710,crash
1,-8.984375,-38.28125,3,85459,bad
1,-8.984375,-38.28125,3,11073,good
1,-8.984375,-38.28125,3,21061,good
1,-8.984375,-38.28125,3,6166,good
1,-8.984375,-38.28125,3,15649,crash
1,-8.984375,-38.28125,3,33345,crash
1,-8.984375,-38.28125,3,19604,good
1,-8.984375,-38.28125,3,28789,good
1,-8.984375,-38.28125,3,81862,bad
1,-8.984375,-38.28125,3,40029,good
1,-8.984375,-38.28125,3,13131,good
1,-8.984375,-38.28125,3,13528,crash
1,-8.984375,-38.28125,3,64624,bad
1,-8.984375,-38.28125,3,57871,good
1,-8.984375,-38.28125,3,78483,crash
1,-8.984375,-38.28125,3,13676,good
1,-8.984375,-38.28125,3,6018,good
1,-8.984375,-38.28125,3,75433,good
1,-8.984375,-38.28125,3,71444,bad
1,-8.984375,-38.28125,3,55064,bad
1,-8.984375,-38.28125,3,17934,good
1,-8.984375,-38.28125,3,62602,bad
1,-8.984375,-38.28125,3,30586,good
1,-8.984375,-38.28125,3,62672,bad
1,-8.984375,-38.28125,3,43475,crash
1,-8.984375,-38.28125,3,47651,bad
1,-8.984375,-38.28125,3,16371,crash
1,-8.984375,-38.28125,3,267,crash
1,-8.984375,-38.28125,3,64221,bad
1,-8.984375,-38.28125,3,11567,good
1,-8.984375,-38.28125,3,13256,good
1,-8.984375,-38.28125,3,35237,good
1,-8.984375,-38.28125,3,58657,bad
1,-8.984375,-38.28125,3,2007,crash
1,-8.984375,-38.28125,3,55233,good
1,-8.984375,-38.28125,3,18248,good
1,-8.984375,-38.28125,3,160,good
1,-8.984375,-38.28125,3,82849,crash
1,-8.984375,-38.28125,3,68222,good
1,-8.984375,-38.28125,3,18387,good
1,-8.984375,-38.28125,3,31957,good
1,-8.984375,-38.28125,3,45593,good
1,-8.984375,-38.28125,3,19796,good
1,-8.984375,-38.28125,3,56174,crash
1,-8.984375,-38.28125,3,57186,good
1,-8.984375,-38.28125,3,2527,crash
1,-8.984375,-38.28125,3,46778,good
1,-8.984375,-38.28125,3,47488,bad
1,-8.984375,-38.28125,3,43052,good
1,-8.984375,-38.28125,3,45742,bad
1,-8.984375,-38.28125,3,25284,good
1,-8.984375,-38.28125,3,14017,good
1,-8.984375,-38.28125,3,19394,crash
1,-8.984375,-38.28125,3,20965,good
1,-8.984375,-38.28125,3,73851,bad
1,-8.984375,-38.28125,3,22196,good
1,-8.984375,-38.28125,3,82571,bad
1,-8.984375,-38.28125,3,56010,good
1,-8.984375,-38.28125,3,7432,good
1,-8.984375,-38.28125,3,78552,good
1,-8.984375,-38.28125,3,56656,bad
1,-8.984375,-38.28125,3,16147,crash
1,-8.984375,-38.28125,3,64464,bad
1,-8.984375,-38.28125,3,53773,good
1,-8.984375,-38.28125,3,72307,good
1,-8.984375,-38.28125,3,27310,crash
1,-8.984375,-38.28125,3,20209,good
1,-8.984375,-38.28125,3,81192,good
1,-8.984375,-38.28125,3,49346,bad
1,-8.984375,-38.28125,3,2673,good
1,-8.984375,-38.28125,3,52181,crash
1,-8.984375,-38.28125,3,51614,bad
1,-8.984375,-38.28125,3,44589,bad
1,-8.984375,-38.28125,3,56235,good
1,-8.984375,-38.28125,3,52455,bad
1,-8.984375,-38.28125,3,37689,good
1,-8.984375,-38.28125,3,10537,good
1,-8.984375,-38.28125,3,72791,bad
1,-8.984375,-38.28125,3,31766,good
1,-8.984375,-38.28125,3,52554,crash
1,-8.984375,-38.28125,3,22083,good
1,-8.984375,-38.28125,3,77872,crash
1,-8.984375,-38.28125,3,73187,bad
1,-8.984375,-38.28125,3,6452,crash
1,-8.984375,-38.28125,3,60472,bad
1,-8.984375,-38.28125,3,57733,bad
1,-8.984375,-38.28125,3,13496,good
1,-8.984375,-38.28125,3,70308,bad
1,-8.984375,-38.28125,3,67162,good
1,-8.984375,-38.28125,3,59290,bad
1,-8.984375,-38.28125,3,18737,crash
1,-8.984375,-38.28125,3,73139,crash
1,-8.984375,-38.28125,3,5688,good
1,-8.984375,-38.28125,3,72768,good
1,-8.984375,-38.28125,3,24698,good
1,-8.984375,-38.28125,3,3524,crash
1,-8.984375,-38.28125,3,31615,good
1,-8.984375,-38.28125,3,56951,crash
1,-8.984375,-38.28125,3,5862,good
1,-8.984375,-38.28125,3,65380,bad
1,-8.984375,-38.28125,3,35774,good
1,-8.984375,-38.28125,3,55652,good
1,-8.984375,-38.28125,3,5587,good
1,-8.984375,-38.28125,3,45828,good
1,-8.984375,-38.28125,3,24993,good
1,-8.984375,-38.28125,3,60157,bad
1,-8.984375,-38.28125,3,52466,bad
1,-8.984375,-38.28125,3,80723,crash
1,-8.984375,-38.28125,3,20950,good
1,-8.984375,-38.28125,3,57647,good
1,-8.984375,-38.28125,3,27005,good
1,-8.984375,-38.28125,3,56525,crash
1,-8.984375,-38.28125,3,74390,good
1,-8.984375,-38.28125,3,51548,good
1,-8.984375,-38.28125,3,7465,good
1,-8.984375,-38.28125,3,51219,bad
1,-8.984375,-38.28125,3,52803,bad
1,-8.984375,-38.28125,3,29066,good
1,-8.984375,-38.28125,3,86810,good
1,-8.984375,-38.28125,3,25074,good
1,-8.984375,-38.28125,3,73924,bad
1,-8.984375,-38.28125,3,55435,crash
1,-8.984375,-38.28125,3,26820,good
1,-8.984375,-38.28125,3,5113,crash
1,-8.984375,-38.28125,3,4858,bad
1,-8.984375,-38.28125,3,2178,good
1,-8.984375,-38.28125,3,58505,good
1,-8.984375,-38.28125,3,68774,crash
1,-8.984375,-38.28125,3,89812,bad
1,-8.984375,-38.28125,3,80212,bad
1,-8.984375,-38.28125,3,51526,crash
1,-8.984375,-38.28125,3,52702,good
1,-8.984375,-38.28125,3,66131,crash
1,-8.984375,-38.28125,3,17319,good
1,-8.984375,-38.28125,3,59421,bad
1,-8.984375,-38.28125,3,11278,good
1,-8.984375,-38.28125,3,64530,crash
1,-8.984375,-38.28125,3,64175,bad
1,-8.984375,-38.28125,3,76918,bad
1,-8.984375,-38.28125,3,82421,bad
1,-8.984375,-38.28125,3,58687,bad
1,-8.984375,-38.28125,3,10667,crash
1,-8.984375,-38.28125,3,70085,good
1,-8.984375,-38.28125,3,67146,good
1,-8.984375,-38.28125,3,66641,crash
1,-8.984375,-38.28125,3,1746,bad
1,-8.984375,-38.28125,3,7854,good
1,-8.984375,-38.28125,3,64118,bad
1,-8.984375,-38.28125,3,83783,crash
1,-8.984375,-38.28125,3,23223,good
1,-8.984375,-38.28125,3,31406,crash
1,-8.984375,-38.28125,3,14900,good
1,-8.984375,-38.28125,3,3589,bad
1,-8.984375,-38.28125,3,55059,crash
1,-8.984375,-38.28125,3,73418,bad
1,-8.984375,-38.28125,3,26677,good
1,-8.984375,-38.28125,3,61008,bad
1,-8.984375,-38.28125,3,62945,good
1,-8.984375,-38.28125,3,4691,good
1,-8.984375,-38.28125,3,54333,bad
1,-8.984375,-38.28125,3,5463,good
1,-8.984375,-38.28125,3,26496,good
1,-8.984375,-38.28125,3,36315,good
1,-8.984375,-38.28125,3,65461,good
1,-8.984375,-38.28125,3,68937,good
1,-8.984375,-38.28125,3,19460,crash
1,-8.984375,-38.28125,3,19353,good
1,-8.984375,-38.28125,3,20343,good
1,-8.984375,-38.28125,3,2262,good
1,-8.984375,-38.28125,3,23279,good
1,-8.984375,-38.28125,3,74106,good
1,-8.984375,-38.28125,3,8742,crash
1,-8.984375,-38.28125,3,38643,crash
1,-8.984375,-38.28125,3,22137,good
1,-8.984375,-38.28125,3,62388,bad
1,-8.984375,-38.28125,3,25441,good
1,-8.984375,-38.28125,3,87310,crash
1,-8.984375,-38.28125,3,64751,bad
1,-8.984375,-38.28125,3,256,good
1,-8.984375,-38.28125,3,79135,good
1,-8.984375,-38.28125,3,32584,good
1,-8.984375,-38.28125,3,8901,good
1,-8.984375,-38.28125,3,61295,crash
1,-8.984375,-38.28125,3,15262,crash
1,-8.984375,-38.28125,3,8466,good
1,-8.984375,-38.28125,3,78009,good
1,-8.984375,-38.28125,3,8618,crash
1,-8.984375,-38.28125,3,50815,bad
1,-8.984375,-38.28125,3,69074,crash
1,-8.984375,-38.28125,3,23532,good
1,-8.984375,-38.28125,3,25167,good
1,-8.984375,-38.28125,3,73817,good
1,-8.984375,-38.28125,3,7417,crash
1,-8.984375,-38.28125,3,3599,bad
1,-8.984375,-38.28125,3,50048,crash
1,-8.984375,-38.28125,3,81906,bad
1,-8.984375,-38.28125,3,26921,crash
1,-8.984375,-38.28125,3,59103,bad
1,-8.984375,-38.28125,3,88773,good
1,-8.984375,-38.28125,3,43049,good
1,-8.984375,-38.28125,3,18704,crash
1,-8.984375,-38.28125,3,58737,bad
1,-8.984375,-38.28125,3,82425,bad
1,-8.984375,-38.28125,3,78673,good
1,-8.984375,-38.28125,3,83401,crash
1,-8.984375,-38.28125,3,22986,crash
1,-8.984375,-38.28125,3,18333,crash
1,-8.984375,-38.28125,3,31516,good
1,-8.984375,-38.28125,3,75947,good
1,-8.984375,-38.28125,3,68595,good
1,-8.984375,-38.28125,3,74955,crash
1,-8.984375,-38.28125,3,10160,good
1,-8.984375,-38.28125,3,66041,good
1,-8.984375,-38.28125,3,56318,good
1,-8.984375,-38.28125,3,67162,good
1,-8.984375,-38.28125,3,22228,crash
1,-8.984375,-38.28125,3,52376,bad
1,-8.984375,-38.28125,3,81035,good
1,-8.984375,-38.28125,3,54223,bad
1,-8.984375,-38.28125,3,32198,good
1,-8.984375,-38.28125,3,40478,good
1,-8.984375,-38.28125,3,37577,good
1,-8.984375,-38.28125,3,59151,bad
1,-8.984375,-38.28125,3,852,crash
1,-8.984375,-38.28125,3,14004,good
1,-8.984375,-38.28125,3,57991,good
1,-8.984375,-38.28125,3,59958,good
1,-8.984375,-38.28125,3,30819,good
1,-8.984375,-38.28125,3,87950,crash
1,-8.984375,-38.28125,3,24298,good
1,-8.984375,-38.28125,3,34620,crash
1,-8.984375,-38.28125,3,2668,good
1,-8.984375,-38.28125,3,60817,bad
1,-8.984375,-38.28125,3,28527,good
1,-8.984375,-38.28125,3,73413,good
1,-8.984375,-38.28125,3,36127,good
1,-8.984375,-38.28125,3,79381,good
1,-8.984375,-38.28125,3,70513,good
1,-8.984375,-38.28125,3,78882,crash
1,-8.984375,-38.28125,3,70,good
1,-8.984375,-38.28125,3,86793,bad
1,-8.984375,-38.28125,3,76045,good
1,-8.984375,-38.28125,3,16746,crash
1,-8.984375,-38.28125,3,55385,bad
1,-8.984375,-38.28125,3,43268,good
1,-8.984375,-38.28125,3,31603,good
1,-8.984375,-38.28125,3,57779,crash
1,-8.984375,-38.28125,3,2356,good
1,-8.984375,-38.28125,3,52395,good
1,-8.984375,-38.28125,3,35536,crash
1,-8.984375,-38.28125,3,13156,good
1,-8.984375,-38.28125,3,18140,crash
1,-8.984375,-38.28125,3,4659,crash
1,-8.984375,-38.28125,3,43025,crash
1,-8.984375,-38.28125,3,57946,crash
1,-8.984375,-38.28125,3,3712,crash
1,-8.984375,-38.28125,3,9255,good
1,-8.984375,-38.28125,3,9908,good
1,-8.984375,-38.28125,3,14345,good
1,-8.984375,-38.28125,3,47823,crash
1,-8.984375,-38.28125,3,11129,good
1,-8.984375,-38.28125,3,81148,good
1,-8.984375,-38.28125,3,87069,bad
1,-8.984375,-38.28125,3,23064,good
1,-8.984375,-38.28125,3,74637,good
1,-8.984375,-38.28125,3,63699,good
1,-8.984375,-38.28125,3,74926,good
1,-8.984375,-38.28125,3,61271,bad
1,-8.984375,-38.28125,3,75409,crash
1,-8.984375,-38.28125,3,93,crash
1,-8.984375,-38.28125,3,61154,bad
1,-8.984375,-38.28125,3,67053,good
1,-8.984375,-38.28125,3,2368,crash
1,-8.984375,-38.28125,3,81078,bad
1,-8.984375,-38.28125,3,44541,good
1,-8.984375,-38.28125,3,72487,good
1,-8.984375,-38.28125,3,45204,crash
1,-8.984375,-38.28125,3,10415,good
1,-8.984375,-38.28125,3,53280,crash
1,-8.984375,-38.28125,3,53634,bad
1,-8.984375,-38.28125,3,10780,good
1,-8.984375,-38.28125,3,78031,good
1,-8.984375,-38.28125,3,27446,good
1,-8.984375,-38.28125,3,44691,bad
1,-8.984375,-38.28125,3,20378,crash
1,-8.984375,-38.28125,3,15548,good
1,-8.984375,-38.28125,3,75216,crash
1,-8.984375,-38.28125,3,20250,crash
1,-8.984375,-38.28125,3,9741,good
1,-8.984375,-38.28125,3,50876,good
1,-8.984375,-38.28125,3,76438,good
1,-8.984375,-38.28125,3,38311,crash
1,-8.984375,-38.28125,3,90057,crash
1,-8.984375,-38.28125,3,65005,crash
1,-8.984375,-38.28125,3,37382,good
1,-8.984375,-38.28125,3,87618,good
1,-8.984375,-38.28125,3,54707,crash
1,-8.984375,-38.28125,3,25878,good
1,-8.984375,-38.28125,3,65126,bad
1,-8.984375,-38.28125,3,25345,good
1,-8.984375,-38.28125,3,13557,good
1,-8.984375,-38.28125,3,75770,bad
1,-8.984375,-38.28125,3,70287,bad
1,-8.984375,-38.28125,3,50361,good
1,-8.984375,-38.28125,3,39578,good
1,-8.984375,-38.28125,3,6138,good
1,-8.984375,-38.28125,3,10187,good
1,-8.984375,-38.28125,3,40083,crash
1,-8.984375,-38.28125,3,59139,bad
1,-8.984375,-38.28125,3,25878,good
1,-8.984375,-38.28125,3,61913,crash
1,-8.984375,-38.28125,3,1055,good
1,-8.984375,-38.28125,3,89543,good
1,-8.984375,-38.28125,3,6205,good
1,-8.984375,-38.28125,3,55897,crash
1,-8.984375,-38.28125,3,68199,crash
1,-8.984375,-38.28125,3,9323,good
1,-8.984375,-38.28125,3,62051,good
1,-8.984375,-38.28125,3,80237,crash
1,-8.984375,-38.28125,3,40078,crash
1,-8.984375,-38.28125,3,27542,good
1,-8.984375,-38.28125,3,84055,good
1,-8.984375,-38.28125,3,16010,good
1,-8.984375,-38.28125,3,78918,good
1,-8.984375,-38.28125,3,80878,bad
1,-8.984375,-38.28125,3,88555,crash
1,-8.984375,-38.28125,3,42345,bad
1,-8.984375,-38.28125,3,1401,crash
1,-8.984375,-38.28125,3,39486,good
1,-8.984375,-38.28125,3,61742,good
1,-8.984375,-38.28125,3,2717,crash
1,-8.984375,-38.28125,3,85056,good
1,-8.984375,-38.28125,3,21759,crash
1,-8.984375,-38.28125,3,69083,crash
1,-8.984375,-38.28125,3,43087,good
1,-8.984375,-38.28125,3,4986,good
1,-8.984375,-38.28125,3,38253,good
1,-8.984375,-38.28125,3,56329,good
1,-8.984375,-38.28125,3,116,good
1,-8.984375,-38.28125,3,55468,bad
1,-8.984375,-38.28125,3,17507,good
1,-8.984375,-38.28125,3,89590,crash
1,-8.984375,-38.28125,3,55322,bad
1,-8.984375,-38.28125,3,6581,crash
1,-8.984375,-38.28125,3,48477,good
1,-8.984375,-38.28125,3,20132,good
1,-8.984375,-38.28125,3,21824,crash
1,-8.984375,-38.28125,3,47799,good
1,-8.984375,-38.28125,3,88224,good
1,-8.984375,-38.28125,3,50279,crash
1,-8.984375,-38.28125,3,32578,crash
1,-8.984375,-38.28125,3,39228,crash
1,-8.984375,-38.28125,3,67514,bad
1,-8.984375,-38.28125,3,62915,bad
1,-8.984375,-38.28125,3,27039,good
1,-8.984375,-38.28125,3,3014,good
1,-8.984375,-38.28125,3,12644,good
1,-8.984375,-38.28125,3,41207,crash
1,-8.984375,-38.28125,3,22137,good
1,-8.984375,-38.28125,3,7316,crash
1,-8.984375,-38.28125,3,32287,good
1,-8.984375,-38.28125,3,28802,good
1,-8.984375,-38.28125,3,36881,good
1,-8.984375,-38.28125,3,46706,bad
1,-8.984375,-38.28125,3,77837,crash
1,-8.984375,-38.28125,3,52335,bad
1,-8.984375,-38.28125,3,68064,bad
1,-8.984375,-38.28125,3,82697,bad
1,-8.984375,-38.28125,3,37576,good
1,-8.984375,-38.28125,3,1516,crash
1,-8.984375,-38.28125,3,1881,crash
1,-8.984375,-38.28125,3,24966,good
1,-8.984375,-38.28125,3,33871,crash
1,-8.984375,-38.28125,3,8644,good
1,-8.984375,-38.28125,3,72113,crash
1,-8.984375,-38.28125,3,31677,good
1,-8.984375,-38.28125,3,18130,crash
1,-8.984375,-38.28125,3,13690,crash
1,-8.984375,-38.28125,3,54621,bad
1,-8.984375,-38.28125,3,51615,bad
1,-8.984375,-38.28125,3,57991,good
1,-8.984375,-38.28125,3,38612,crash
1,-8.984375,-38.28125,3,41229,good
1,-8.984375,-38.28125,3,73418,bad
1,-8.984375,-38.28125,3,33499,good
1,-8.984375,-38.28125,3,8450,good
1,-8.984375,-38.28125,3,55545,crash
1,-8.984375,-38.28125,3,37155,crash
1,-8.984375,-38.28125,3,85129,good
1,-8.984375,-38.28125,3,29812,crash
1,-8.984375,-38.28125,3,56943,bad
1,-8.984375,-38.28125,3,16063,good
1,-8.984375,-38.28125,3,63178,good
1,-8.984375,-38.28125,3,32190,good
1,-8.984375,-38.28125,3,13812,good
1,-8.984375,-38.28125,3,8740,good
1,-8.984375,-38.28125,3,27060,good
1,-8.984375,-38.28125,3,15350,good
1,-8.984375,-38.28125,3,43740,good
1,-8.984375,-38.28125,3,28614,good
1,-8.984375,-38.28125,3,22140,crash
1,-8.984375,-38.28125,3,88833,good
1,-8.984375,-38.28125,3,11936,good
1,-8.984375,-38.28125,3,85907,good
1,-8.984375,-38.28125,3,45384,bad
1,-8.984375,-38.28125,3,52268,bad
1,-8.984375,-38.28125,3,32489,good
1,-8.984375,-38.28125,3,24866,good
1,-8.984375,-38.28125,3,77636,crash
1,-8.984375,-38.28125,3,67464,good
1,-8.984375,-38.28125,3,41823,good
1,-8.984375,-38.28125,3,16242,good
1,-8.984375,-38.28125,3,10354,good
1,-8.984375,-38.28125,3,89300,good
1,-8.984375,-38.28125,3,42937,bad
1,-8.984375,-38.28125,3,53992,bad
1,-8.984375,-38.28125,3,61225,good
1,-8.984375,-38.28125,3,55271,good
1,-8.984375,-38.28125,3,50788,crash
1,-8.984375,-38.28125,3,52250,bad
1,-8.984375,-38.28125,3,9890,crash
1,-8.984375,-38.28125,3,48050,bad
1,-8.984375,-38.28125,3,74385,bad
1,-8.984375,-38.28125,3,54201,bad
1,-8.984375,-38.28125,3,66565,bad
1,-8.984375,-38.28125,3,23383,good
1,-8.984375,-38.28125,3,34288,crash
1,-8.984375,-38.28125,3,38825,good
1,-8.984375,-38.28125,3,49181,crash
1,-8.984375,-38.28125,3,62862,good
1,-8.984375,-38.28125,3,71584,bad
1,-8.984375,-38.28125,3,8912,good
1,-8.984375,-38.28125,3,69655,crash
1,-8.984375,-38.28125,3,19039,good
1,-8.984375,-38.28125,3,8653,good
1,-8.984375,-38.28125,3,46284,good
1,-8.984375,-38.28125,3,85996,good
1,-8.984375,-38.28125,3,80886,good
1,-8.984375,-38.28125,3,1703,bad
1,-8.984375,-38.28125,3,81984,crash
1,-8.984375,-38.28125,3,43584,crash
1,-8.984375,-38.28125,3,46618,good
1,-8.984375,-38.28125,3,54742,crash
1,-8.984375,-38.28125,3,75982,bad
1,-8.984375,-38.28125,3,54381,bad
1,-8.984375,-38.28125,3,67705,crash
1,-8.984375,-38.28125,3,50743,crash
1,-8.984375,-38.28125,3,20607,good
1,-8.984375,-38.28125,3,14084,good
1,-8.984375,-38.28125,3,85713,bad
1,-8.984375,-38.28125,3,28000,crash
1,-8.984375,-38.28125,3,52180,crash
1,-8.984375,-38.28125,3,82800,bad
1,-8.984375,-38.28125,3,66037,good
1,-8.984375,-38.28125,3,13604,good
1,-8.984375,-38.28125,3,79540,crash
1,-8.984375,-38.28125,3,27043,good
1,-8.984375,-38.28125,3,16299,crash
1,-8.984375,-38.28125,3,87576,bad
1,-8.984375,-38.28125,3,82909,bad
1,-8.984375,-38.28125,3,51904,bad
1,-8.984375,-38.28125,3,53729,good
1,-8.984375,-38.28125,3,64118,bad
1,-8.984375,-38.28125,3,88179,bad
1,-8.984375,-38.28125,3,68159,bad
1,-8.984375,-38.28125,3,26973,crash
1,-8.984375,-38.28125,3,52839,good
1,-8.984375,-38.28125,3,74237,good
1,-8.984375,-38.28125,3,9469,crash
1,-8.984375,-38.28125,3,35445,good
1,-8.984375,-38.28125,3,58830,crash
1,-8.984375,-38.28125,3,57526,good
1,-8.984375,-38.28125,3,944,crash
1,-8.984375,-38.28125,3,48053,good
1,-8.984375,-38.28125,3,24979,good
1,-8.984375,-38.28125,3,37301,good
1,-8.984375,-38.28125,3,65251,bad
1,-8.984375,-38.28125,3,36028,good
1,-8.984375,-38.28125,3,23789,good
1,-8.984375,-38.28125,3,49105,crash
1,-8.984375,-38.28125,3,89374,good
1,-8.984375,-38.28125,3,37658,good
1,-8.984375,-38.28125,3,44192,good
1,-8.984375,-38.28125,3,34395,good
1,-8.984375,-38.28125,3,23926,good
1,-8.984375,-38.28125,3,5746,good
1,-8.984375,-38.28125,3,41329,bad
1,-8.984375,-38.28125,3,11338,crash
1,-8.984375,-38.28125,3,19264,good
1,-8.984375,-38.28125,3,30414,crash
1,-8.984375,-38.28125,3,85369,good
-----------------------------
"ntrial, wrong, crashes"
1000,187,263
